ubl_version,customization_id,invoice_id,issue_date,issue_time,invoice_type_code,note,currency_code,despatch_document_id,despatch_document_type_code,despatch_document_type,supplier_ruc,supplier_name,supplier_address_type_code,supplier_city_name,supplier_country_subentity,supplier_country_subentity_code,supplier_district,supplier_address_line,supplier_country_code,customer_ruc,customer_name,customer_address_type_code,customer_city_name,customer_country_subentity,customer_country_subentity_code,customer_district,customer_address_line,customer_country_code,buyer_city_name,buyer_country_subentity,buyer_country_subentity_code,buyer_district,buyer_address_line,buyer_country_code,payment_Credito_id,payment_Credito_means_id,payment_Credito_amount,payment_Credito_due_date,payment_Cuota001_id,payment_Cuota001_means_id,payment_Cuota001_amount,payment_Cuota001_due_date,tax_total_amount,tax_subtotal_taxable_amount,tax_subtotal_tax_amount,tax_category_id,tax_scheme_id,tax_scheme_name,tax_scheme_type_code,line_extension_amount,allowance_total_amount,charge_total_amount,prepaid_amount,payable_amount,item_id,invoiced_quantity,unit_code,free_of_charge_indicator,pricing_reference_price_amount,pricing_reference_price_type_code,allowance_charge_indicator,allowance_charge_amount,item_tax_total_amount,item_tax_subtotal_taxable_amount,item_tax_subtotal_tax_amount,item_tax_category_id,item_tax_category_percent,item_tax_exemption_reason_code,item_tax_scheme_id,item_tax_scheme_name,item_tax_scheme_type_code,item_description,item_sellers_id,price_amount
2.1,2.0,E001-472,2024-10-09,23:43:12.0Z,01,SON:  OCHO MIL DOSCIENTOS NOVENTA Y CINCO Y 40/100  SOLES,PEN,EG07 - 00000472,09, GUIA DE REMISION REMITENTE ,20610737553,INGENIERIA Y SERVICIO CACH S.A.C.,0,LIMA,LIMA,150140,SANTIAGO DE SURCO,JR. FERNANDO FAUSTOR 139,PE,20549945245,CO LOGISTIC PERU S.A.C.,0,PROV. CONST. DEL CALLAO,PROV. CONST. DEL CALLAO,070101,CALLAO , AV. OQUENDO - FND. OQUENDO MZA. A    LOTE. 01   INT. 3B PROV. CONST. DEL CALLAO-PROV. CONST. DEL CALLAO-CALLAO,PE,PROV. CONST. DEL CALLAO,PROV. CONST. DEL CALLAO,070101,CALLAO,AV. OQUENDO FND. OQUENDO MZA. A LOTE. 01 INT. 3B  PROV. CONST. DEL CALLAO PROV. CONST. DEL CALLAO CALLAO,PE,FormaPago,Credito,8295.40,,FormaPago,Cuota001,8295.40,2024-10-16,1265.40,7030.00,1265.40,S,1000,IGV,VAT,7030.00,0.00,0.00,0.00,8295.40,1,100.00,NIU,false,82.954,01,true,0.00,1265.40,7030.00,1265.40,S,18.00,10,1000,IGV,VAT,PROTECTOR DE BURBUJAS DE 1 X 10 MT,,70.30
2.1,2.0,E001-474,2024-10-21,22:50:48.0Z,01,SON:  SETENTA Y OCHO MIL NOVECIENTOS CUARENTA Y SIETE Y 90/100  SOLES,PEN,,,,20610737553,INGENIERIA Y SERVICIO CACH S.A.C.,0,LIMA,LIMA,150140,SANTIAGO DE SURCO,JR. FERNANDO FAUSTOR 139,PE,20100412366,SAVAR AGENTES DE ADUANA S A,,,,,,,,PROV. CONST. DEL CALLAO,PROV. CONST. DEL CALLAO,070101,CALLAO,AV. BOCANEGRA 274 URB. URB. IND. FUNDO BOCANEGRA LOTE 274B1/ALT. CDRA. 34 AV. E. FAUCETT  PROV. CONST. DEL CALLAO PROV. CONST. DEL CALLAO CALLAO,PE,FormaPago,Credito,78947.90,,FormaPago,Cuota001,78947.90,2024-11-05,12042.90,66905.00,12042.90,S,1000,IGV,VAT,66905.00,0.00,0.00,0.00,78947.90,1,500.00,NIU,false,157.8958,01,true,0.00,12042.90,66905.00,12042.90,S,18.00,10,1000,IGV,VAT,BARRA DE CONSTRUCCION A615 ASTM 1 X 9 METROS,,133.81
2.1,2.0,E001-475,2024-10-21,22:55:36.0Z,01,SON:  CINCUENTA Y UNO MIL SEISCIENTOS OCHENTA Y CUATRO Y 94/100  SOLES,PEN,,,,20610737553,INGENIERIA Y SERVICIO CACH S.A.C.,0,LIMA,LIMA,150140,SANTIAGO DE SURCO,JR. FERNANDO FAUSTOR 139,PE,20431084172,ANCRO S.R.L.,,,,,,,,LIMA,LIMA,150137,SANTA ANITA,AV. LOS CIPRESES 250 URB. LOS FICUS  LIMA LIMA SANTA ANITA,PE,FormaPago,Credito,51684.94,,FormaPago,Cuota001,51684.94,2024-10-23,7884.14,43800.80,7884.14,S,1000,IGV,VAT,43800.80,0.00,0.00,0.00,51684.94,1,20.00,NIU,false,2584.2472,01,true,0.00,7884.144,43800.80,7884.144,S,18.00,10,1000,IGV,VAT,QUIMICO NACIONAL PARA LIMPIEZA .CILINDRO,,2190.04
2.1,2.0,E001-476,2024-10-22,22:58:05.0Z,01,SON:  SETENTA Y DOS MIL QUINCE Y 40/100  SOLES,PEN,,,,20610737553,INGENIERIA Y SERVICIO CACH S.A.C.,0,LIMA,LIMA,150140,SANTIAGO DE SURCO,JR. FERNANDO FAUSTOR 139,PE,20100412366,SAVAR AGENTES DE ADUANA S A,,,,,,,,PROV. CONST. DEL CALLAO,PROV. CONST. DEL CALLAO,070101,CALLAO,AV. BOCANEGRA 274 URB. URB. IND. FUNDO BOCANEGRA LOTE 274B1/ALT. CDRA. 34 AV. E. FAUCETT  PROV. CONST. DEL CALLAO PROV. CONST. DEL CALLAO CALLAO,PE,FormaPago,Credito,72015.40,,FormaPago,Cuota001,72015.40,2024-11-05,10985.40,61030.00,10985.40,S,1000,IGV,VAT,61030.00,0.00,0.00,0.00,72015.40,1,1700.00,NIU,false,42.362,01,true,0.00,10985.40,61030.00,10985.40,S,18.00,10,1000,IGV,VAT,BARRA DE CONSTRUCCION A615 ASTM 1/2 X 9 METROS,,35.90
2.1,2.0,E001-477,2024-10-22,19:40:25.0Z,01,SON:  CINCO MIL TRESCIENTOS DIEZ Y 00/100  SOLES,PEN,EG07 - 00000476,09, GUIA DE REMISION REMITENTE ,20610737553,INGENIERIA Y SERVICIO CACH S.A.C.,0,LIMA,LIMA,150140,SANTIAGO DE SURCO,JR. FERNANDO FAUSTOR 139,PE,20549945245,CO LOGISTIC PERU S.A.C.,0,PROV. CONST. DEL CALLAO,PROV. CONST. DEL CALLAO,070101,CALLAO , AV. OQUENDO - FND. OQUENDO MZA. A    LOTE. 01   INT. 3B PROV. CONST. DEL CALLAO-PROV. CONST. DEL CALLAO-CALLAO,PE,PROV. CONST. DEL CALLAO,PROV. CONST. DEL CALLAO,070101,CALLAO,AV. OQUENDO FND. OQUENDO MZA. A LOTE. 01 INT. 3B  PROV. CONST. DEL CALLAO PROV. CONST. DEL CALLAO CALLAO,PE,FormaPago,Credito,5310.00,,FormaPago,Cuota001,5310.00,2024-10-23,810.00,4500.00,810.00,S,1000,IGV,VAT,4500.00,0.00,0.00,0.00,5310.00,1,100.00,NIU,false,53.10,01,true,0.00,810.00,4500.00,810.00,S,18.00,10,1000,IGV,VAT,PARIHUELAS CON TRATAMIENTO TERMICO,,45.00
2.1,2.0,E001-478,2024-10-24,23:30:18.0Z,01,SON:  SETENTA Y DOS MIL QUINCE Y 40/100  SOLES,PEN,EG07 - 00000477,09, GUIA DE REMISION REMITENTE ,20610737553,INGENIERIA Y SERVICIO CACH S.A.C.,0,LIMA,LIMA,150140,SANTIAGO DE SURCO,JR. FERNANDO FAUSTOR 139,PE,20100412366,SAVAR AGENTES DE ADUANA S A,0,PROV. CONST. DEL CALLAO,PROV. CONST. DEL CALLAO,070101,CALLAO , AV. BOCANEGRA 274 URB. URB. IND. FUNDO BOCANEGRA LOTE 274B1/ALT. CDRA. 34 AV. E. FAUCETT PROV. CONST. DEL CALLAO-PROV. CONST. DEL CALLAO-CALLAO,PE,PROV. CONST. DEL CALLAO,PROV. CONST. DEL CALLAO,070101,CALLAO,AV. BOCANEGRA 274 URB. URB. IND. FUNDO BOCANEGRA LOTE 274B1/ALT. CDRA. 34 AV. E. FAUCETT  PROV. CONST. DEL CALLAO PROV. CONST. DEL CALLAO CALLAO,PE,FormaPago,Credito,72015.40,,FormaPago,Cuota001,72015.40,2024-11-05,10985.40,61030.00,10985.40,S,1000,IGV,VAT,61030.00,0.00,0.00,0.00,72015.40,1,1700.00,NIU,false,42.362,01,true,0.00,10985.40,61030.00,10985.40,S,18.00,10,1000,IGV,VAT,BARRA DE CONSTRUCCION A615 ASTM 1/2 X 9 METROS,,35.90
2.1,2.0,E001-479,2024-10-25,01:09:05.0Z,01,SON:  SETENTA Y SEIS MIL QUINIENTOS OCHENTA Y CINCO Y 51/100  SOLES,PEN,EG07 - 00000478,09, GUIA DE REMISION REMITENTE ,20610737553,INGENIERIA Y SERVICIO CACH S.A.C.,0,LIMA,LIMA,150140,SANTIAGO DE SURCO,JR. FERNANDO FAUSTOR 139,PE,20100412366,SAVAR AGENTES DE ADUANA S A,0,PROV. CONST. DEL CALLAO,PROV. CONST. DEL CALLAO,070101,CALLAO , AV. BOCANEGRA 274 URB. URB. IND. FUNDO BOCANEGRA LOTE 274B1/ALT. CDRA. 34 AV. E. FAUCETT PROV. CONST. DEL CALLAO-PROV. CONST. DEL CALLAO-CALLAO,PE,PROV. CONST. DEL CALLAO,PROV. CONST. DEL CALLAO,070101,CALLAO,AV. BOCANEGRA 274 URB. URB. IND. FUNDO BOCANEGRA LOTE 274B1/ALT. CDRA. 34 AV. E. FAUCETT  PROV. CONST. DEL CALLAO PROV. CONST. DEL CALLAO CALLAO,PE,FormaPago,Credito,76585.51,,FormaPago,Cuota001,76585.51,2024-11-05,11682.54,64902.98,11682.54,S,1000,IGV,VAT,64902.975,0.00,0.00,0.00,76585.51,1,15.00,NIU,false,5105.7007,01,true,0.00,11682.5355,64902.975,11682.5355,S,18.00,10,1000,IGV,VAT,KIT DE MOTOR DE GAMA ALTA TRICK FLOW 455 HP GENX 58CC PARA CAMIONES GM LS2 VORTEC,,4326.865
2.1,2.0,E001-480,2024-10-25,11:03:00.0Z,01,SON:  SEIS MIL QUINIENTOS TREINTA Y SIETE Y 20/100  SOLES,PEN,EG07 - 00000479,09, GUIA DE REMISION REMITENTE ,20610737553,INGENIERIA Y SERVICIO CACH S.A.C.,0,LIMA,LIMA,150140,SANTIAGO DE SURCO,JR. FERNANDO FAUSTOR 139,PE,20606283858,IMPULSA OUTSOURCED ENTREPRENEURSHIP S.A.C.,0,PROV. CONST. DEL CALLAO,PROV. CONST. DEL CALLAO,070101,CALLAO , URB. JORGE CHAVEZ ET. DOS MZA. E    LOTE. 12   PROV. CONST. DEL CALLAO-PROV. CONST. DEL CALLAO-CALLAO,PE,PROV. CONST. DEL CALLAO,PROV. CONST. DEL CALLAO,070101,CALLAO,URB. JORGE CHAVEZ ET. DOS MZA. E LOTE. 12  PROV. CONST. DEL CALLAO PROV. CONST. DEL CALLAO CALLAO,PE,FormaPago,Credito,6537.20,,FormaPago,Cuota001,6537.20,2024-10-26,997.20,5540.00,997.20,S,1000,IGV,VAT,2840.00,0.00,0.00,0.00,6537.20,1,4.00,NIU,false,837.80,01,true,0.00,511.20,2840.00,511.20,S,18.00,10,1000,IGV,VAT,CHUMACERAS UCP 209-112V1 1 3/4 NTN,,710.00
2.1,2.0,E001-480,2024-10-25,11:03:00.0Z,01,SON:  SEIS MIL QUINIENTOS TREINTA Y SIETE Y 20/100  SOLES,PEN,EG07 - 00000479,09, GUIA DE REMISION REMITENTE ,20610737553,INGENIERIA Y SERVICIO CACH S.A.C.,0,LIMA,LIMA,150140,SANTIAGO DE SURCO,JR. FERNANDO FAUSTOR 139,PE,20606283858,IMPULSA OUTSOURCED ENTREPRENEURSHIP S.A.C.,0,PROV. CONST. DEL CALLAO,PROV. CONST. DEL CALLAO,070101,CALLAO , URB. JORGE CHAVEZ ET. DOS MZA. E    LOTE. 12   PROV. CONST. DEL CALLAO-PROV. CONST. DEL CALLAO-CALLAO,PE,PROV. CONST. DEL CALLAO,PROV. CONST. DEL CALLAO,070101,CALLAO,URB. JORGE CHAVEZ ET. DOS MZA. E LOTE. 12  PROV. CONST. DEL CALLAO PROV. CONST. DEL CALLAO CALLAO,PE,FormaPago,Credito,6537.20,,FormaPago,Cuota001,6537.20,2024-10-26,997.20,5540.00,997.20,S,1000,IGV,VAT,2700.00,0.00,0.00,0.00,6537.20,2,60.00,NIU,false,53.10,01,true,0.00,486.00,2700.00,486.00,S,18.00,10,1000,IGV,VAT,ZUNCHO DE PLASTICO NEGRO DE 5/8  ROKIM PACK,,45.00
2.1,2.0,E001-481,2024-10-25,11:04:45.0Z,01,SON:  SETENTA Y NUEVE MIL SEISCIENTOS CINCUENTA Y 00/100  SOLES,PEN,EG07 - 00000480,09, GUIA DE REMISION REMITENTE ,20610737553,INGENIERIA Y SERVICIO CACH S.A.C.,0,LIMA,LIMA,150140,SANTIAGO DE SURCO,JR. FERNANDO FAUSTOR 139,PE,20100412366,SAVAR AGENTES DE ADUANA S A,0,PROV. CONST. DEL CALLAO,PROV. CONST. DEL CALLAO,070101,CALLAO , AV. BOCANEGRA 274 URB. URB. IND. FUNDO BOCANEGRA LOTE 274B1/ALT. CDRA. 34 AV. E. FAUCETT PROV. CONST. DEL CALLAO-PROV. CONST. DEL CALLAO-CALLAO,PE,PROV. CONST. DEL CALLAO,PROV. CONST. DEL CALLAO,070101,CALLAO,AV. BOCANEGRA 274 URB. URB. IND. FUNDO BOCANEGRA LOTE 274B1/ALT. CDRA. 34 AV. E. FAUCETT  PROV. CONST. DEL CALLAO PROV. CONST. DEL CALLAO CALLAO,PE,FormaPago,Credito,79650.00,,FormaPago,Cuota001,79650.00,2024-11-05,12150.00,67500.00,12150.00,S,1000,IGV,VAT,67500.00,0.00,0.00,0.00,79650.00,1,900.00,NIU,false,88.50,01,true,0.00,12150.00,67500.00,12150.00,S,18.00,10,1000,IGV,VAT,BARRA DE CONSTRUCCION DE 3/8 X 9 METROS,,75.00
2.1,2.0,E001-482,2024-10-25,11:06:24.0Z,01,SON:  CUATRO MIL CUATROCIENTOS OCHENTA Y 55/100  SOLES,PEN,EG07 - 00000481,09, GUIA DE REMISION REMITENTE ,20610737553,INGENIERIA Y SERVICIO CACH S.A.C.,0,LIMA,LIMA,150140,SANTIAGO DE SURCO,JR. FERNANDO FAUSTOR 139,PE,10097937724,ESPINOZA TOLENTINO ELIO LUIS,0,LIMA,LIMA,150135,SAN MARTIN DE PORRES ," CAL. LOS ALISOS - A.H. LOS OLIVOS DE PRO MZA. C    LOTE. 20   SECTOR C,ALT.CANTA CALLAO Y AV. 2 DE OCT LIMA-LIMA-SAN MARTIN DE PORRES",PE,LIMA,LIMA,150135,SAN MARTIN DE PORRES,"CAL. LOS ALISOS A.H. LOS OLIVOS DE PRO MZA. C LOTE. 20 SECTOR C,ALT.CANTA CALLAO Y AV. 2 DE OCT  LIMA LIMA SAN MARTIN DE PORRES",PE,FormaPago,Credito,4480.55,,FormaPago,Cuota001,4480.55,2024-10-28,683.47,3797.08,683.47,S,1000,IGV,VAT,901.08,0.00,0.00,0.00,4480.55,1,12.00,NIU,false,88.6062,01,true,0.00,162.1944,901.08,162.1944,S,18.00,10,1000,IGV,VAT,BOTAS PVC COLOR NEGRO PUNTA DE ACERO,,75.09
2.1,2.0,E001-482,2024-10-25,11:06:24.0Z,01,SON:  CUATRO MIL CUATROCIENTOS OCHENTA Y 55/100  SOLES,PEN,EG07 - 00000481,09, GUIA DE REMISION REMITENTE ,20610737553,INGENIERIA Y SERVICIO CACH S.A.C.,0,LIMA,LIMA,150140,SANTIAGO DE SURCO,JR. FERNANDO FAUSTOR 139,PE,10097937724,ESPINOZA TOLENTINO ELIO LUIS,0,LIMA,LIMA,150135,SAN MARTIN DE PORRES ," CAL. LOS ALISOS - A.H. LOS OLIVOS DE PRO MZA. C    LOTE. 20   SECTOR C,ALT.CANTA CALLAO Y AV. 2 DE OCT LIMA-LIMA-SAN MARTIN DE PORRES",PE,LIMA,LIMA,150135,SAN MARTIN DE PORRES,"CAL. LOS ALISOS A.H. LOS OLIVOS DE PRO MZA. C LOTE. 20 SECTOR C,ALT.CANTA CALLAO Y AV. 2 DE OCT  LIMA LIMA SAN MARTIN DE PORRES",PE,FormaPago,Credito,4480.55,,FormaPago,Cuota001,4480.55,2024-10-28,683.47,3797.08,683.47,S,1000,IGV,VAT,2896.00,0.00,0.00,0.00,4480.55,2,8.00,NIU,false,427.16,01,true,0.00,521.28,2896.00,521.28,S,18.00,10,1000,IGV,VAT,BOTAS SEGURIDAD PROTECC,,362.00
2.1,2.0,E001-483,2024-10-25,11:08:49.0Z,01,SON:  TREINTA Y OCHO MIL DOSCIENTOS NOVENTA Y DOS Y 65/100  SOLES,PEN,EG07 - 00000482,09, GUIA DE REMISION REMITENTE ,20610737553,INGENIERIA Y SERVICIO CACH S.A.C.,0,LIMA,LIMA,150140,SANTIAGO DE SURCO,JR. FERNANDO FAUSTOR 139,PE,20611957476,COORPORACION EMPRESARIAL HP S.A.C.,0,LIMA,LIMA,150131,SAN ISIDRO , CAL. LIBERTADORES 735 DPTO. S03  LIMA-LIMA-SAN ISIDRO,PE,LIMA,LIMA,150131,SAN ISIDRO,CAL. LIBERTADORES 735 DPTO. S03  LIMA LIMA SAN ISIDRO,PE,FormaPago,Credito,38292.65,,FormaPago,Cuota001,38292.65,2024-10-28,5841.25,32451.40,5841.25,S,1000,IGV,VAT,9002.50,0.00,0.00,0.00,38292.65,1,50.00,NIU,false,212.459,01,true,0.00,1620.45,9002.50,1620.45,S,18.00,10,1000,IGV,VAT,BOQUILLA DE INYECCION PARA MOLDE CODO 2 SAL X 45,,180.05
2.1,2.0,E001-483,2024-10-25,11:08:49.0Z,01,SON:  TREINTA Y OCHO MIL DOSCIENTOS NOVENTA Y DOS Y 65/100  SOLES,PEN,EG07 - 00000482,09, GUIA DE REMISION REMITENTE ,20610737553,INGENIERIA Y SERVICIO CACH S.A.C.,0,LIMA,LIMA,150140,SANTIAGO DE SURCO,JR. FERNANDO FAUSTOR 139,PE,20611957476,COORPORACION EMPRESARIAL HP S.A.C.,0,LIMA,LIMA,150131,SAN ISIDRO , CAL. LIBERTADORES 735 DPTO. S03  LIMA-LIMA-SAN ISIDRO,PE,LIMA,LIMA,150131,SAN ISIDRO,CAL. LIBERTADORES 735 DPTO. S03  LIMA LIMA SAN ISIDRO,PE,FormaPago,Credito,38292.65,,FormaPago,Cuota001,38292.65,2024-10-28,5841.25,32451.40,5841.25,S,1000,IGV,VAT,10121.40,0.00,0.00,0.00,38292.65,2,180.00,NIU,false,66.3514,01,true,0.00,1821.852,10121.40,1821.852,S,18.00,10,1000,IGV,VAT,CONTACTORES LCD1 - 32,,56.23
2.1,2.0,E001-483,2024-10-25,11:08:49.0Z,01,SON:  TREINTA Y OCHO MIL DOSCIENTOS NOVENTA Y DOS Y 65/100  SOLES,PEN,EG07 - 00000482,09, GUIA DE REMISION REMITENTE ,20610737553,INGENIERIA Y SERVICIO CACH S.A.C.,0,LIMA,LIMA,150140,SANTIAGO DE SURCO,JR. FERNANDO FAUSTOR 139,PE,20611957476,COORPORACION EMPRESARIAL HP S.A.C.,0,LIMA,LIMA,150131,SAN ISIDRO , CAL. LIBERTADORES 735 DPTO. S03  LIMA-LIMA-SAN ISIDRO,PE,LIMA,LIMA,150131,SAN ISIDRO,CAL. LIBERTADORES 735 DPTO. S03  LIMA LIMA SAN ISIDRO,PE,FormaPago,Credito,38292.65,,FormaPago,Cuota001,38292.65,2024-10-28,5841.25,32451.40,5841.25,S,1000,IGV,VAT,13327.50,0.00,0.00,0.00,38292.65,3,150.00,NIU,false,104.843,01,true,0.00,2398.95,13327.50,2398.95,S,18.00,10,1000,IGV,VAT,CONTENEDOR DE PLASTICO 360 L KLEINE,,88.85
2.1,2.0,E001-484,2024-10-26,22:16:39.0Z,01,SON:  SETENTA Y CUATRO MIL OCHOCIENTOS DOCE Y 00/100  SOLES,PEN,EG07 - 00000483,09, GUIA DE REMISION REMITENTE ,20610737553,INGENIERIA Y SERVICIO CACH S.A.C.,0,LIMA,LIMA,150140,SANTIAGO DE SURCO,JR. FERNANDO FAUSTOR 139,PE,20100412366,SAVAR AGENTES DE ADUANA S A,0,PROV. CONST. DEL CALLAO,PROV. CONST. DEL CALLAO,070101,CALLAO , AV. BOCANEGRA 274 URB. URB. IND. FUNDO BOCANEGRA LOTE 274B1/ALT. CDRA. 34 AV. E. FAUCETT PROV. CONST. DEL CALLAO-PROV. CONST. DEL CALLAO-CALLAO,PE,PROV. CONST. DEL CALLAO,PROV. CONST. DEL CALLAO,070101,CALLAO,AV. BOCANEGRA 274 URB. URB. IND. FUNDO BOCANEGRA LOTE 274B1/ALT. CDRA. 34 AV. E. FAUCETT  PROV. CONST. DEL CALLAO PROV. CONST. DEL CALLAO CALLAO,PE,FormaPago,Credito,74812.00,,FormaPago,Cuota001,74812.00,2024-11-05,11412.00,63400.00,11412.00,S,1000,IGV,VAT,63400.00,0.00,0.00,0.00,74812.00,1,4000.00,NIU,false,18.703,01,true,0.00,11412.00,63400.00,11412.00,S,18.00,10,1000,IGV,VAT,CLAVOS DE 2 PULGADAS X KILO,,15.85
2.1,2.0,E001-485,2024-10-26,22:26:23.0Z,01,SON:  CUARENTA Y OCHO MIL CUATROCIENTOS NOVENTA Y CUATRO Y 84/100  SOLES,PEN,EG07 - 00000484,09, GUIA DE REMISION REMITENTE ,20610737553,INGENIERIA Y SERVICIO CACH S.A.C.,0,LIMA,LIMA,150140,SANTIAGO DE SURCO,JR. FERNANDO FAUSTOR 139,PE,20100412366,SAVAR AGENTES DE ADUANA S A,0,PROV. CONST. DEL CALLAO,PROV. CONST. DEL CALLAO,070101,CALLAO , AV. BOCANEGRA 274 URB. URB. IND. FUNDO BOCANEGRA LOTE 274B1/ALT. CDRA. 34 AV. E. FAUCETT PROV. CONST. DEL CALLAO-PROV. CONST. DEL CALLAO-CALLAO,PE,PROV. CONST. DEL CALLAO,PROV. CONST. DEL CALLAO,070101,CALLAO,AV. BOCANEGRA 274 URB. URB. IND. FUNDO BOCANEGRA LOTE 274B1/ALT. CDRA. 34 AV. E. FAUCETT  PROV. CONST. DEL CALLAO PROV. CONST. DEL CALLAO CALLAO,PE,FormaPago,Credito,48494.84,,FormaPago,Cuota001,48494.84,2024-11-05,7397.52,41097.32,7397.52,S,1000,IGV,VAT,41097.324,0.00,0.00,0.00,48494.84,1,12.00,NIU,false,4041.23686,01,true,0.00,7397.51832,41097.324,7397.51832,S,18.00,10,1000,IGV,VAT,KIT DE RECONSTRUCCION DE REVISION J08C JO8C VARILLA DE CONEXION + CIGUENAL APTO PARA CAMION HINO,,3424.777
2.1,2.0,E001-486,2024-10-28,00:33:32.0Z,01,SON:  CINCUENTA Y CINCO MIL SEISCIENTOS SETENTA Y 04/100  SOLES,PEN,EG07 - 00000485,09, GUIA DE REMISION REMITENTE ,20610737553,INGENIERIA Y SERVICIO CACH S.A.C.,0,LIMA,LIMA,150140,SANTIAGO DE SURCO,JR. FERNANDO FAUSTOR 139,PE,20100412366,SAVAR AGENTES DE ADUANA S A,0,PROV. CONST. DEL CALLAO,PROV. CONST. DEL CALLAO,070101,CALLAO , AV. BOCANEGRA 274 URB. URB. IND. FUNDO BOCANEGRA LOTE 274B1/ALT. CDRA. 34 AV. E. FAUCETT PROV. CONST. DEL CALLAO-PROV. CONST. DEL CALLAO-CALLAO,PE,PROV. CONST. DEL CALLAO,PROV. CONST. DEL CALLAO,070101,CALLAO,AV. BOCANEGRA 274 URB. URB. IND. FUNDO BOCANEGRA LOTE 274B1/ALT. CDRA. 34 AV. E. FAUCETT  PROV. CONST. DEL CALLAO PROV. CONST. DEL CALLAO CALLAO,PE,FormaPago,Credito,55670.04,,FormaPago,Cuota001,55670.04,2024-11-05,8492.04,47178.00,8492.04,S,1000,IGV,VAT,47178.00,0.00,0.00,0.00,55670.04,1,120.00,NIU,false,463.917,01,true,0.00,8492.04,47178.00,8492.04,S,18.00,10,1000,IGV,VAT,SENSOR DE POSICION DE PEDAL ACELERADOR DORMAN 904-7692 PARA RIEL ELEVADO XC RECTO C,,393.15
2.1,2.0,E001-487,2024-10-29,22:57:11.0Z,01,SON:  TREINTA Y DOS MIL CIENTO SESENTA Y CUATRO Y 96/100  SOLES,PEN,EG07 - 00000486,09, GUIA DE REMISION REMITENTE ,20610737553,INGENIERIA Y SERVICIO CACH S.A.C.,0,LIMA,LIMA,150140,SANTIAGO DE SURCO,JR. FERNANDO FAUSTOR 139,PE,20100412366,SAVAR AGENTES DE ADUANA S A,0,PROV. CONST. DEL CALLAO,PROV. CONST. DEL CALLAO,070101,CALLAO , AV. BOCANEGRA 274 URB. URB. IND. FUNDO BOCANEGRA LOTE 274B1/ALT. CDRA. 34 AV. E. FAUCETT PROV. CONST. DEL CALLAO-PROV. CONST. DEL CALLAO-CALLAO,PE,PROV. CONST. DEL CALLAO,PROV. CONST. DEL CALLAO,070101,CALLAO,AV. BOCANEGRA 274 URB. URB. IND. FUNDO BOCANEGRA LOTE 274B1/ALT. CDRA. 34 AV. E. FAUCETT  PROV. CONST. DEL CALLAO PROV. CONST. DEL CALLAO CALLAO,PE,FormaPago,Credito,32164.96,,FormaPago,Cuota001,32164.96,2024-11-05,4906.52,27258.44,4906.52,S,1000,IGV,VAT,27258.44,0.00,0.00,0.00,32164.96,1,40.00,NIU,false,804.12398,01,true,0.00,4906.5192,27258.44,4906.5192,S,18.00,10,1000,IGV,VAT,2404758 CENTRALINA BSI PER SCANIA SERIE P/G/R L-CLASE 12.7 DIESEL,,681.461
2.1,2.0,E001-488,2024-10-30,18:41:07.0Z,01,SON:  CINCUENTA Y DOS MIL CIENTO TREINTA Y SEIS Y 80/100  SOLES,PEN,EG07 - 00000487,09, GUIA DE REMISION REMITENTE ,20610737553,INGENIERIA Y SERVICIO CACH S.A.C.,0,LIMA,LIMA,150140,SANTIAGO DE SURCO,JR. FERNANDO FAUSTOR 139,PE,20611822201,EMPRESA ROSS MARINE SERVICE S.A.C.,0,PROV. CONST. DEL CALLAO,PROV. CONST. DEL CALLAO,070104,LA PERLA , JR. TARATA 487 PROV. CONST. DEL CALLAO-PROV. CONST. DEL CALLAO-LA PERLA,PE,PROV. CONST. DEL CALLAO,PROV. CONST. DEL CALLAO,070104,LA PERLA,JR. TARATA 487  PROV. CONST. DEL CALLAO PROV. CONST. DEL CALLAO LA PERLA,PE,FormaPago,Credito,52136.80,,FormaPago,Cuota001,52136.80,2024-11-04,7953.07,44183.73,7953.07,S,1000,IGV,VAT,44183.73,0.00,0.00,0.00,52136.80,1,1.00,NIU,false,52136.8014,01,true,0.00,7953.0714,44183.73,7953.0714,S,18.00,10,1000,IGV,VAT,BOMBA DE INYECCION DE DIESEL CAT 3412,,44183.73
2.1,2.0,E001-489,2024-10-31,18:42:31.0Z,01,SON:  CINCUENTA Y DOS MIL OCHOCIENTOS CINCUENTA Y OCHO Y 41/100  SOLES,PEN,EG07 - 00000488,09, GUIA DE REMISION REMITENTE ,20610737553,INGENIERIA Y SERVICIO CACH S.A.C.,0,LIMA,LIMA,150140,SANTIAGO DE SURCO,JR. FERNANDO FAUSTOR 139,PE,20611822201,EMPRESA ROSS MARINE SERVICE S.A.C.,0,PROV. CONST. DEL CALLAO,PROV. CONST. DEL CALLAO,070104,LA PERLA , JR. TARATA 487 PROV. CONST. DEL CALLAO-PROV. CONST. DEL CALLAO-LA PERLA,PE,PROV. CONST. DEL CALLAO,PROV. CONST. DEL CALLAO,070104,LA PERLA,JR. TARATA 487  PROV. CONST. DEL CALLAO PROV. CONST. DEL CALLAO LA PERLA,PE,FormaPago,Credito,52858.41,,FormaPago,Cuota001,52858.41,2024-11-05,8063.15,44795.26,8063.15,S,1000,IGV,VAT,44795.256,0.00,0.00,0.00,52858.41,1,8.00,NIU,false,6607.30026,01,true,0.00,8063.14608,44795.256,8063.14608,S,18.00,10,1000,IGV,VAT,CONJUNTO DE CAJA DE FUSIBLES PRINCIPAL KENWORTH T480 2023 OEM,,5599.407
2.1,2.0,E001-490,2024-10-31,18:43:53.0Z,01,SON:  CATORCE MIL SEISCIENTOS TREINTA Y DOS Y 00/100  SOLES,PEN,EG07 - 00000489,09, GUIA DE REMISION REMITENTE ,20610737553,INGENIERIA Y SERVICIO CACH S.A.C.,0,LIMA,LIMA,150140,SANTIAGO DE SURCO,JR. FERNANDO FAUSTOR 139,PE,20613333593,PARJU INVERSIONES E.I.R.L.,0,LIMA,LIMA,150118,LURIGANCHO , JR. LOS ROSALES - KM. 814  CRUCE DE LOS ROSALES CON ARCHIPIELAGO LIMA-LIMA-LURIGANCHO,PE,LIMA,LIMA,150118,LURIGANCHO,JR. LOS ROSALES KM. 814 CRUCE DE LOS ROSALES CON ARCHIPIELAGO  LIMA LIMA LURIGANCHO,PE,FormaPago,Credito,14632.00,,FormaPago,Cuota001,14632.00,2024-11-05,2232.00,12400.00,2232.00,S,1000,IGV,VAT,6400.00,0.00,0.00,0.00,14632.00,1,200.00,NIU,false,37.76,01,true,0.00,1152.00,6400.00,1152.00,S,18.00,10,1000,IGV,VAT,BIG BAG DE PP BLANCO 1 X 1  X  22.30,,32.00
2.1,2.0,E001-490,2024-10-31,18:43:53.0Z,01,SON:  CATORCE MIL SEISCIENTOS TREINTA Y DOS Y 00/100  SOLES,PEN,EG07 - 00000489,09, GUIA DE REMISION REMITENTE ,20610737553,INGENIERIA Y SERVICIO CACH S.A.C.,0,LIMA,LIMA,150140,SANTIAGO DE SURCO,JR. FERNANDO FAUSTOR 139,PE,20613333593,PARJU INVERSIONES E.I.R.L.,0,LIMA,LIMA,150118,LURIGANCHO , JR. LOS ROSALES - KM. 814  CRUCE DE LOS ROSALES CON ARCHIPIELAGO LIMA-LIMA-LURIGANCHO,PE,LIMA,LIMA,150118,LURIGANCHO,JR. LOS ROSALES KM. 814 CRUCE DE LOS ROSALES CON ARCHIPIELAGO  LIMA LIMA LURIGANCHO,PE,FormaPago,Credito,14632.00,,FormaPago,Cuota001,14632.00,2024-11-05,2232.00,12400.00,2232.00,S,1000,IGV,VAT,6000.00,0.00,0.00,0.00,14632.00,2,300.00,NIU,false,23.60,01,true,0.00,1080.00,6000.00,1080.00,S,18.00,10,1000,IGV,VAT,FILM MANUAL 18  X 20 MICRAS,,20.00
2.1,2.0,E001-491,2024-10-30,18:45:34.0Z,01,SON:  CUARENTA Y SIETE MIL DOSCIENTOS CUARENTA Y DOS Y 60/100  SOLES,PEN,EG07 - 00000490,09, GUIA DE REMISION REMITENTE ,20610737553,INGENIERIA Y SERVICIO CACH S.A.C.,0,LIMA,LIMA,150140,SANTIAGO DE SURCO,JR. FERNANDO FAUSTOR 139,PE,20611957476,COORPORACION EMPRESARIAL HP S.A.C.,0,LIMA,LIMA,150131,SAN ISIDRO , CAL. LIBERTADORES 735 DPTO. S03  LIMA-LIMA-SAN ISIDRO,PE,LIMA,LIMA,150131,SAN ISIDRO,CAL. LIBERTADORES 735 DPTO. S03  LIMA LIMA SAN ISIDRO,PE,FormaPago,Credito,47242.60,,FormaPago,Cuota001,47242.60,2024-11-02,7206.50,40036.10,7206.50,S,1000,IGV,VAT,5505.00,0.00,0.00,0.00,47242.60,1,50.00,NIU,false,129.918,01,true,0.00,990.90,5505.00,990.90,S,18.00,10,1000,IGV,VAT,FAJA CARGA 3000KG 6M 90MM,,110.10
2.1,2.0,E001-491,2024-10-30,18:45:34.0Z,01,SON:  CUARENTA Y SIETE MIL DOSCIENTOS CUARENTA Y DOS Y 60/100  SOLES,PEN,EG07 - 00000490,09, GUIA DE REMISION REMITENTE ,20610737553,INGENIERIA Y SERVICIO CACH S.A.C.,0,LIMA,LIMA,150140,SANTIAGO DE SURCO,JR. FERNANDO FAUSTOR 139,PE,20611957476,COORPORACION EMPRESARIAL HP S.A.C.,0,LIMA,LIMA,150131,SAN ISIDRO , CAL. LIBERTADORES 735 DPTO. S03  LIMA-LIMA-SAN ISIDRO,PE,LIMA,LIMA,150131,SAN ISIDRO,CAL. LIBERTADORES 735 DPTO. S03  LIMA LIMA SAN ISIDRO,PE,FormaPago,Credito,47242.60,,FormaPago,Cuota001,47242.60,2024-11-02,7206.50,40036.10,7206.50,S,1000,IGV,VAT,18005.00,0.00,0.00,0.00,47242.60,2,100.00,NIU,false,212.459,01,true,0.00,3240.90,18005.00,3240.90,S,18.00,10,1000,IGV,VAT,BOQUILLA DE INYECCION PARA MOLDE CODO 2 SAL X 45,,180.05
2.1,2.0,E001-491,2024-10-30,18:45:34.0Z,01,SON:  CUARENTA Y SIETE MIL DOSCIENTOS CUARENTA Y DOS Y 60/100  SOLES,PEN,EG07 - 00000490,09, GUIA DE REMISION REMITENTE ,20610737553,INGENIERIA Y SERVICIO CACH S.A.C.,0,LIMA,LIMA,150140,SANTIAGO DE SURCO,JR. FERNANDO FAUSTOR 139,PE,20611957476,COORPORACION EMPRESARIAL HP S.A.C.,0,LIMA,LIMA,150131,SAN ISIDRO , CAL. LIBERTADORES 735 DPTO. S03  LIMA-LIMA-SAN ISIDRO,PE,LIMA,LIMA,150131,SAN ISIDRO,CAL. LIBERTADORES 735 DPTO. S03  LIMA LIMA SAN ISIDRO,PE,FormaPago,Credito,47242.60,,FormaPago,Cuota001,47242.60,2024-11-02,7206.50,40036.10,7206.50,S,1000,IGV,VAT,16526.10,0.00,0.00,0.00,47242.60,3,186.00,NIU,false,104.843,01,true,0.00,2974.698,16526.10,2974.698,S,18.00,10,1000,IGV,VAT,CONTENEDOR DE PLASTICO 360 L KLEINE,,88.85
